{"cameraMode":{"drawMode":0,"name":"Shaded","section":"Shading Mode"},"sceneLighting":false,"audioPlay":false,"sceneViewState":{"showFog":false,"showMaterialUpdate":false,"showSkybox":false,"showFlares":false,"showImageEffects":false,"showParticleSystems":false},"in2DMode":false,"pivot":{"x":279.5980224609375,"y":371.20672607421877,"z":-691.1273193359375},"rotation":{"x":0.004910571034997702,"y":0.9857873320579529,"z":0.02927721105515957,"w":-0.1653621941804886},"size":3748.1064453125,"orthographic":false}